solution_id,method,total_budget,gdp_gain,inequality,emission,net_cyber_risk,NMM_I,NMM_D,NMM_AI,NMM_H,RRD_I,RRD_D,RRD_AI,RRD_H,NCC_I,NCC_D,NCC_AI,NCC_H,CH_I,CH_D,CH_AI,CH_H,SE_I,SE_D,SE_AI,SE_H,MD_I,MD_D,MD_AI,MD_H
random_4511,random,49891.30558285018,50398.02668461262,2445.213457464198,6836.746874012435,-258.33373170159257,1.8291308207788666,8999.590000000004,1.0908244268264364,75.1760578591606,75.74267926876793,0.0,9618.931263975232,1509.1542953139187,146.5925289519174,499.59000000000486,10.67015211490423,6135.323013024343,0.029749932843907367,11999.590000000004,0.016122309426367762,0.1430399107245419,712.4847213708206,0.0,484.24948166477446,3889.4757413077214,11.828550925558323,3999.5900000000047,20.837763628477557,1699.3704660439737
random_1791,random,49997.77680379439,50182.487827216144,2212.503302603083,7119.2188217893045,-434.0243468661632,473.4488077671133,8999.590000000004,401.5174276912622,1428.9938935294347,352.4233710276319,0.0,1440.5672020252055,6379.333663676372,301.69588147422746,499.59000000000486,820.8656647140925,3745.5963911381687,0.017137302821704028,11999.590000000004,0.05289744494395052,0.22534533845764926,228.98955118308666,0.0,6406.760363301549,971.6768977215826,616.6367142073453,3999.5900000000047,476.8740687271013,453.7415255239714
random_2888,random,49827.25120108948,49833.25926951681,1996.8193646070965,6205.53656573081,-996.2141570551771,155.3325881475506,8999.590000000004,186.1130273257541,181.689298018799,120.69361128435533,0.0,6694.246980523347,2566.608677660652,7.51102537759509,499.59000000000486,1.3719089551760417,4869.7099951881155,0.02316403139424141,11999.590000000004,0.06715469260936152,0.12919268156124167,1027.2558511582115,0.0,1657.0080335530447,3769.9382392681746,48.00349917694837,3999.5900000000047,196.92315594550936,2846.2657981006664
random_2113,random,49855.54829084664,49768.73363556638,2150.3899926312783,5084.897461779261,-2224.7828727468236,210.65924072795164,8999.590000000004,323.0736265864167,1377.5470633950238,511.14027182860116,0.0,1005.6506113686273,3939.665030148153,52.186390188785886,499.59000000000486,44.694307320137916,6799.72219834778,0.004923012762839422,11999.590000000004,0.005964277227560958,0.027876681532312,779.1437745250598,0.0,4286.38336773787,558.4282160644622,556.3428238414837,3999.5900000000047,524.0948059097664,3388.417798884976
random_3277,random,49875.41143260127,49749.54050125484,1960.0922191180844,6339.987812597396,-1235.959869904595,207.37316756532752,8999.590000000004,304.96373727938663,983.3070665372222,505.65359300588887,0.0,65.99081604136259,4911.03683866574,1262.2456258635539,499.59000000000486,1379.3127673118174,5181.91771103385,0.009140162263476257,11999.590000000004,0.008228211245870478,0.07492969021306327,487.0520949507705,0.0,6020.506406460895,861.8925580151578,11.732517141005337,3999.5900000000047,54.02251427406577,2139.951720391491
random_1914,random,49239.07652727387,49418.47390130984,2108.012818804954,5588.923087546507,-1232.0096346716236,10.190154942433724,8999.590000000004,37.802227998004795,48.40271703334049,215.4524129260392,0.0,2543.2958089020394,7088.98973509375,222.00106148964522,499.59000000000486,675.0048319873334,4149.732558985148,0.0017012784906872335,11999.590000000004,0.07754832412788304,0.18441355356504086,87.5865431583215,0.0,5335.723005951706,1711.5975787882871,17.777083530078983,3999.5900000000047,108.50765012389166,1488.3894932076537
random_2723,random,49873.09296958795,49403.53924685007,1881.5515331172965,6535.250271540779,-1493.793407897378,540.0870903442279,8999.590000000004,14.12220327062117,715.2737828652971,1246.259764328765,0.0,4261.472594462323,2088.385621993526,119.58808581468254,499.59000000000486,287.39692764666916,6433.368586459832,0.013766843670005413,11999.590000000004,0.0277584433532295,0.31432078069812397,291.20456635506673,0.0,2355.4715084672753,3829.026725884853,1125.2350040590961,3999.5900000000047,174.152417959557,893.3322436084259
random_4905,random,49402.727251847195,49265.91231296683,2029.2732923562553,6029.691260391277,-1417.9642392936353,21.499102645028767,8999.590000000004,6.550019935514737,10.701388362316761,745.454858036905,0.0,3313.3809674259082,5139.230352703373,43.000967654230735,499.59000000000486,354.6913829238007,7889.583204056108,0.007298489473528672,11999.590000000004,0.005698904738709636,0.09613716281715415,660.1404407191169,0.0,3722.4755153621836,635.7271499673262,930.2523775683325,3999.5900000000047,42.11832165829618,389.452068271705
random_366,random,48610.07743500141,49155.1018785097,2715.4599133132956,4646.695507474411,-1789.611039647315,4.458981899080499,8999.590000000004,4.404649368394455,370.77677792114116,13.813407775878455,0.0,94.59042118217165,5428.120133367505,14.330345935623237,499.59000000000486,39.50111066448435,5016.105380482818,0.07003106733844193,11999.590000000004,0.027739830984836764,0.03672307569963783,74.33246031584255,0.0,7581.196812143984,3416.934281818116,24.619063479404804,3999.5900000000047,112.83049250969923,915.5686221632247
random_230,random,49611.887964457426,49021.72118757151,2125.8513443907673,6008.606638019897,-1485.8210805456356,0.18788603480643987,8999.590000000004,2.8197163429495316,16.448755052614217,1329.554350373536,0.0,1949.482281329582,1725.9526375244839,220.95441962686283,499.59000000000486,951.8996908394986,3606.485544393479,0.0014894608754966142,11999.590000000004,0.03340357023974002,0.029512851013757932,595.0958526127724,0.0,4334.00563495968,5235.695764516057,185.213114485753,3999.5900000000047,267.63199719790737,3692.035913285298
random_3783,random,49848.11021332248,49003.58231099736,2061.3801924542972,5067.34571149205,-2513.8656540258044,11.115447023391754,8999.590000000004,0.6005019244028145,1244.0960644421648,1082.2241636901467,0.0,5223.856266784129,379.76547837209847,251.51146526193705,499.59000000000486,236.26846547448383,4529.460580518502,0.0012734553495113668,11999.590000000004,0.001972354816475743,0.21892477893283616,247.64657490352883,0.0,130.10958824044596,6159.481946053068,660.6165046206545,3999.5900000000047,194.16764123561046,3998.607354188795
random_2984,random,49939.08951363954,48890.09100031198,1984.542293848522,4404.872940356082,-3315.8964344319884,16.057708255512836,8999.590000000004,32.77158394614215,468.7943478175333,2875.2409588103387,0.0,1600.3588218314546,3437.378541199821,21.539211838027143,499.59000000000486,51.347998086124456,8833.878770986226,0.0011361717480058641,11999.590000000004,0.00356506283664587,0.0073162011715546624,34.92428156038408,0.0,2507.4497207457907,2669.6753783919544,50.92899398024772,3999.5900000000047,50.07114162546441,1790.3000371287415
random_3539,random,49861.135727758236,48867.57528382502,1832.8594503039196,6608.8846612993375,-1709.164482135474,38.98219632137371,8999.590000000004,16.132394869942186,887.2101234310535,19.90175421833851,0.0,14.545119224694764,6010.911052083514,1971.251274033058,499.59000000000486,1403.0078880545557,1772.047614010905,0.016108972063610418,11999.590000000004,0.0329813009591917,0.12640928528774617,2564.8071912069126,0.0,4720.225228176044,1202.4335812272318,13.755541056481649,3999.5900000000047,26.232702132459746,3701.1565681533434
random_3987,random,49157.36412126449,48861.60129551453,1820.711543959799,6255.7274581662205,-1055.2868528871654,4.716432003734606,8999.590000000004,1.3133574771367937,61.52687739881047,813.0321305936853,0.0,648.6993611823777,4083.278994337117,17.829858619354017,499.59000000000486,2.585429509378049,5609.375832584719,0.0505871865703077,11999.590000000004,0.03375508467357894,0.051982155548384326,561.0900411046222,0.0,5797.100466789957,1083.9653140316318,951.6899967355444,3999.5900000000047,1396.0440137799847,2626.6196906896266
random_4139,random,49867.4519424295,48832.35337905925,1897.1012577422273,6114.871651394491,-1799.0777396932626,78.08315338338647,8999.590000000004,130.7540054559278,188.75059123946858,58.11871829236044,0.0,3572.7369674945935,2602.2896375244204,132.30770036154615,499.59000000000486,695.5864989359997,4405.64093509948,0.03338511470786487,11999.590000000004,0.047240514359450196,0.03615490475725202,963.92527761794,0.0,2499.1276723579213,5765.092263852957,1538.076637699201,3999.5900000000047,93.03295850546905,1645.4521440749886
random_4108,random,49648.60367186385,48781.52508749018,1920.7350364132208,5858.76527211887,-2037.8262015099315,349.91841014541086,8999.590000000004,11.417724907840801,394.61753040254985,790.1290799336257,0.0,1843.7837087466776,2946.1698085741614,487.20138945200273,499.59000000000486,431.70128230261304,5106.621685330838,0.025693120565947226,11999.590000000004,0.02644695493478201,0.18504276724691376,2053.016159302562,0.0,2992.3711665303017,1911.5124465194729,172.76994952237374,3999.5900000000047,419.1703231399844,4239.6058242106665
random_2671,random,49406.98002837028,48737.13679793206,1903.5181919696015,5642.272900891029,-2169.4938595762187,55.395522636073885,8999.590000000004,9.220176771299693,1115.439819079913,113.2911181581668,0.0,570.637799476781,7497.987699579532,1738.2434585374667,499.59000000000486,612.0434643303782,4464.064257179421,0.10917896546648105,11999.590000000004,0.07994653755617305,0.12327470858109044,1422.6391973245636,0.0,4648.661972694178,407.77517313385556,46.11249001113379,3999.5900000000047,28.196601889852758,1178.5988773560448
random_2252,random,49956.531656334504,48704.47114585072,1899.320235211195,4670.068992534111,-2731.562610738712,88.9296442993573,8999.590000000004,81.77098001297892,603.2142235846311,431.6447668684213,0.0,4963.511335303766,909.0297691010262,242.62497409813113,499.59000000000486,632.4004551619888,4469.319619055149,0.0030525162595780742,11999.590000000004,0.018694192321965113,0.15135602949406998,101.32405723086266,0.0,469.0520348657653,8332.582491069159,386.7721981267181,3999.5900000000047,7.9640474973592355,2737.8579573211
random_3521,random,49646.45654251357,48577.996845480375,1630.5512477160298,6694.973283147671,-1421.098626331495,5.394490152834067,8999.590000000004,1.3973601278242178,81.78209072806615,1369.4791715456602,0.0,1894.8958502745238,5362.704769755691,1431.5983504592116,499.59000000000486,1144.0104395620422,3344.8105114385967,0.007728868933829891,11999.590000000004,0.006353419882461762,0.03419953145274795,487.2393317094314,0.0,4172.721315252198,3518.812693125561,276.36393167490934,3999.5900000000047,26.448212295961948,1030.3897425907733
random_2860,random,49635.31519777899,48407.18793480794,1684.2955989347754,5461.029752606027,-2390.550448375531,357.7083967585774,8999.590000000004,25.16560900598693,196.64313805481862,1275.8179330649023,0.0,3869.742235789496,3145.9354924244544,319.3597659974091,499.59000000000486,479.51784816512463,5318.297638623891,0.0769898874127157,11999.590000000004,0.09596627211547873,0.17863443604916887,1358.0726133845908,0.0,946.5437566209134,3109.1304986359073,93.90331318222394,3999.5900000000047,70.4738092858695,3570.2915581892307
random_2846,random,49873.29169865721,48309.079415971704,1702.6332300149616,5010.363879255138,-2628.399657730508,23.13257450197161,8999.590000000004,12.949939651245245,190.64783156093105,440.57058388340636,0.0,1240.4633885503856,7137.214683001197,484.53136145874504,499.59000000000486,383.93352410172326,3957.812146947449,0.10833166146843586,11999.590000000004,0.05904898524592723,0.2191575776295313,375.20384024785983,0.0,3577.362828767807,3877.5411125662686,608.1678616649365,3999.5900000000047,904.6436512511051,1160.3698322778134
random_387,random,49535.321632530984,48253.252870536686,1645.3785780908331,6149.770200612019,-1706.9873251883928,0.1111094986101523,8999.590000000004,8.078842841315572,118.68529003852782,230.5579829341287,0.0,925.5148844437615,6313.114870920936,1327.7083661961992,499.59000000000486,691.6559560219848,4522.690310298183,0.012988624045576349,11999.590000000004,0.09784800435204433,0.23762802115500423,1583.9128753634945,0.0,4615.5179317383945,2377.962036408092,61.33822754379657,3999.5900000000047,593.2106258210174,666.5538578129782
random_1123,random,49671.34206994728,47800.95684981796,3184.273397695746,4066.5563486415494,-3380.5507017171494,94.60850501603464,8999.590000000004,272.8526986498599,1571.0790954389522,439.63869952878184,0.0,2405.7754035421353,2155.2823932840356,489.59726381259816,499.59000000000486,301.557731207845,10159.930941885254,0.023698354009342455,11999.590000000004,0.030123754401908096,0.04116994190590918,1003.7804737886848,0.0,614.1350861364225,3418.789087460582,272.563052840252,3999.5900000000047,529.449997849909,443.84664745559115
random_4539,random,49336.14063414888,47782.96201882996,1656.740486125189,4521.061204005772,-3092.7873390172954,13.279239415516109,8999.590000000004,27.92000718926531,57.933861239394844,2183.2546163786556,0.0,1065.5664808222712,3626.6588664067312,225.22200775130722,499.59000000000486,335.4632558822683,5239.4897824666195,0.1020305364328212,11999.590000000004,0.03147641068610969,0.2737569614799758,121.27575226413715,0.0,2525.8981427664044,3875.429953960475,305.8570563794859,3999.5900000000047,494.71107558973864,3739.4132717279954
random_3360,random,49902.198925402496,47779.32742590937,2221.9178548813456,4100.214667223821,-3656.7298244202248,60.28219867628208,8999.590000000004,311.9110613392661,1928.138751997933,1700.1402310884666,0.0,1244.5381063561222,4167.188205817091,410.4201572432374,499.59000000000486,1116.2668178796412,4790.158044997099,0.08436378595545645,11999.590000000004,0.007595841047286508,0.21590147104374435,590.1589114376525,0.0,860.711319133631,3768.8656479951583,94.51140211555142,3999.5900000000047,86.6476628459019,3273.592545381399
random_4839,random,49966.51496570641,47777.58612657615,1491.5391711623076,6564.179409499484,-1882.648216917853,50.62570506963229,8999.590000000004,42.32520995518101,37.76779795390837,61.28055882985265,0.0,80.25990040362792,8120.17328669861,1765.8445378684005,499.59000000000486,895.2419299636192,2375.4734147143017,0.009827640310969889,11999.590000000004,0.07274575147883848,0.14121568520768274,2303.156055261885,0.0,4057.2983042431756,1737.5010664644403,188.51113523486526,3999.5900000000047,1112.6787677259297,1639.7935062419701
random_4728,random,49761.14650360572,47754.09858068084,1505.3642361546715,6409.577936290094,-2184.6955316527274,28.200595732579398,8999.590000000004,48.3664534820818,27.02132035628235,2545.6613197678626,0.0,32.443403324894,4880.914509185377,1746.4173635947504,499.59000000000486,771.4620097942077,5251.404611133953,0.047110375444021094,11999.590000000004,0.0289791171792581,0.2970839356813743,265.85479723382673,0.0,3839.0562141588357,3101.1606625021327,311.61641886575416,3999.5900000000047,635.4678985935986,777.3657524512694
random_3086,random,49882.14306196148,47671.95235165466,2455.3671052359628,4389.840460615705,-3675.2723708717667,78.29474626007737,8999.590000000004,142.42656410064228,296.5787714498451,290.88582351861396,0.0,158.9602377902569,4598.489840179449,39.434999179102796,499.59000000000486,89.2373683936371,6863.253330761077,0.012382528402874534,11999.590000000004,0.02147049437187973,0.047731748621837995,3492.430083828613,0.0,2914.421790558659,4383.759305719387,101.3829620745569,3999.5900000000047,110.78683320064539,823.3588201754999
random_1420,random,49370.753866290775,47598.33777382156,1944.5547236659966,4362.70647076049,-3194.7754470679497,12.530726985703465,8999.590000000004,119.26756819019789,198.20764766853515,455.3392765310664,0.0,1536.8448053164498,5823.218270918695,189.71172870242086,499.59000000000486,334.5340927845087,4477.822305720642,0.006262376520307955,11999.590000000004,0.17125524491652308,0.12156160371074852,1698.8847509889715,0.0,1722.285215826905,2113.4823153577345,441.5058934500144,3999.5900000000047,546.7131985204713,4201.746990103294
random_279,random,48798.0450924607,47588.147250068876,2299.1790552630623,3978.4377493883007,-3154.551533178864,30.68600850690584,8999.590000000004,11.096509933348964,119.39974671838783,1683.921885355798,0.0,848.9836854730112,2596.9273719140724,288.50440807130747,499.59000000000486,629.4308674763465,4720.659538208494,0.13488076442701635,11999.590000000004,0.07018477926599088,0.09218672953768982,137.22766922431478,0.0,2500.2373174925992,3596.0026372252173,27.67502560270277,3999.5900000000047,292.13533354752576,5816.499835437426
random_2159,random,49842.08314582444,47587.33700220063,1682.6242523272003,4944.648806954026,-3169.1788053546766,11.297102312559879,8999.590000000004,221.10728178737003,430.1053523903568,779.8953138857762,0.0,2068.8071067109345,2527.3509043097047,583.0005645140199,499.59000000000486,141.68922501553726,6418.60667139382,0.007424579384912691,11999.590000000004,0.05573528805683749,0.14757589867895593,1713.3805693493573,0.0,1135.0265154209876,5153.120992394687,672.6227611421891,3999.5900000000047,564.8168372701145,1922.685212160891
random_4608,random,49014.667398881706,47560.28679893666,1964.1727488176537,4118.3042702947905,-3360.361968103328,129.71345652432427,8999.590000000004,43.09941831500608,993.5086454951268,229.52415547144284,0.0,337.79905030838825,7532.772067732055,734.8048200378805,499.59000000000486,230.50232442398362,3560.220656997243,0.0001583478618780836,11999.590000000004,0.00013283558896443764,0.23994237462464543,850.415817509841,0.0,3694.335471724607,3689.3589027668263,369.23256844429505,3999.5900000000047,130.44425971833238,990.3355498542605
random_2278,random,49681.962480312155,47440.86601252534,1492.775209149304,6308.998952422786,-2280.5495528970155,1.2368679413066703,8999.590000000004,2.1572706406171207,36.300039466335555,5282.657779736825,0.0,853.5219986518638,1232.771390914195,38.20641625287743,499.59000000000486,1150.5807925494655,5101.094935468523,0.025862782175773417,11999.590000000004,0.05002289218444232,0.029723829336325933,10.826382431911806,0.0,2671.8467296059844,5320.343184347358,42.896181610286725,3999.5900000000047,153.87355017434118,2285.1833510165534
random_1599,random,48759.611093154985,47418.873963611004,2672.1717624351404,3790.159242850888,-3259.9181474879374,471.3990267679716,8999.590000000004,70.40559653836233,877.3404241881348,785.962516077424,0.0,1971.6873941382016,2783.2644590593222,23.271337496495253,499.59000000000486,48.28094487589964,9406.779983479317,0.04452646310514942,11999.590000000004,0.007891643627994098,0.021102429986881607,448.27428303440615,0.0,1754.3604484211912,3102.356222955159,113.01470301158577,3999.5900000000047,407.11727892543354,997.6629536493427
random_1129,random,49381.57096067116,47321.60152601292,2171.8221400201705,4448.310342652906,-3529.420315627349,62.04898766228374,8999.590000000004,66.5691106037192,996.508775818125,3161.3044783002833,0.0,379.86737399733164,1977.9654379510368,60.60675177197691,499.59000000000486,414.9837537283448,6456.595651974525,0.00013454799879392782,11999.590000000004,0.05723410784576515,0.1489407288018153,589.9365650304337,0.0,2533.381358538065,5958.420793358811,34.32181289545343,3999.5900000000047,1.6897249836259978,1188.804074672484
random_1755,random,48725.68944167848,47312.23786442098,2317.6707434091495,3039.846173003885,-3796.6288531149776,161.82433662475833,8999.590000000004,268.3864218344942,799.3700575083001,110.50871323710706,0.0,1168.2341737442016,4722.830158922948,262.6080999281218,499.59000000000486,496.1842908829089,4417.512825842447,0.007291019679080846,11999.590000000004,0.11152711259429603,0.15020504183375608,162.2060046443406,0.0,1767.4902435090985,3802.667979900614,333.0887520758926,3999.5900000000047,98.30911815431075,4655.839241694814
random_3852,random,49269.79388620816,47307.61973491397,2350.3375248392363,3980.2835912453174,-3880.6292920961214,24.860770802931437,8999.590000000004,53.39891499579516,422.7104028510965,6.757742590712413,0.0,0.5075789971839503,5016.831168878701,1339.4011750654638,499.59000000000486,52.583121091550936,4876.63002622219,0.016099036155121666,11999.590000000004,0.011563842951764996,0.1749676203637285,1992.2473068696545,0.0,3005.882942575119,5187.426549027712,57.99546364103906,3999.5900000000047,47.641214895098706,1686.3568772044218
random_293,random,49773.409223911294,47298.04522887778,2625.9701283739173,3668.756632304926,-3987.412357731063,8.824833548134164,8999.590000000004,6.711583722057719,104.00451124163024,197.69493749594213,0.0,462.2849390453868,10985.752889803487,377.50666571113834,499.59000000000486,1026.4966299022137,3747.7409282752915,0.07696703615398011,11999.590000000004,0.026554750762989843,0.05778043383601668,529.2133395248685,0.0,2274.742164209428,3005.0021320090727,677.8433485378655,3999.5900000000047,275.421948944988,595.6470697190188
random_471,random,49493.15744104649,47289.524430068835,2277.1310825330147,4575.211550426635,-3962.451614027138,8.81012150503455,8999.590000000004,5.578779557876372,18.04209688625906,1526.5522016526907,0.0,1060.9162972857707,5008.432089845357,444.9597481590885,499.59000000000486,360.7527188945639,3889.8941469585834,0.07191017127031711,11999.590000000004,0.1357900764906642,0.04160322440915924,1146.7205402869179,0.0,702.6997496069404,3274.6679802342833,1904.2557398800307,3999.5900000000047,9.902574964709123,4632.363351856198
random_184,random,49640.87294948437,47247.68247221842,2391.4681027373595,3348.637498266371,-4393.227725572982,28.505760904526706,8999.590000000004,82.98888815744539,2610.61793809921,1360.500704129479,0.0,1299.6543257989524,2547.1197665363043,400.0023463133789,499.59000000000486,331.4130032593025,5611.637000908002,0.004929904547447985,11999.590000000004,0.04084374342306672,0.023597231038996847,581.0779275436134,0.0,578.9358956777426,7102.190198504259,361.5856419147006,3999.5900000000047,279.6416063180097,966.5725745404129
random_2656,random,49651.56253763907,47230.519798515605,2041.63774887973,4741.992336402015,-3534.9938492528395,37.654908276345644,8999.590000000004,70.54573366740381,169.8684349127833,353.49631879414727,0.0,1611.5049626983198,3410.022892494026,259.18951628838323,499.59000000000486,129.25703887133537,7844.824983137834,0.08114180296217606,11999.590000000004,0.037531656574936796,0.19822217998129396,785.6823596350094,0.0,511.69063842540675,3753.21042719359,2525.0622886131055,3999.5900000000047,945.0441656656046,1745.8309733262404
random_3007,random,49814.27065089879,47223.90885245355,1484.3934184453349,6908.616910232289,-1632.0943630378565,0.2051350435041916,8999.590000000004,4.420755903863296,2.5241898501460223,1566.9141589478536,0.0,3594.4682335112816,3181.694686330618,1760.8851404265718,499.59000000000486,1849.3582903598813,1824.7991409127446,0.021001134484393932,11999.590000000004,0.23489437689929446,0.01897366531188603,55.18580041879437,0.0,968.3723827278031,7289.453810691299,586.7316703120497,3999.5900000000047,350.983055069132,1279.6393312165392
random_702,random,49724.54725146531,47222.08574505063,1762.1382390517367,5207.126621136833,-3400.067819982661,13.053316045028126,8999.590000000004,7.568862395564638,169.26791741086592,28.911423117397316,0.0,1949.2122082975977,4235.770771416279,1413.824327836711,499.59000000000486,167.52549483543783,2993.6001411631305,0.005347038219458103,11999.590000000004,0.011135403528239975,0.04783711222104593,3921.5489283622874,0.0,597.9407167061083,4051.3899259788495,140.50560177430287,3999.5900000000047,244.07621439857627,4291.927082173186
random_1938,random,49513.2901562113,47202.229669154854,1551.2388901652548,5164.95436706984,-2692.140752252738,37.280469341228276,8999.590000000004,44.77931312285223,76.61452512934228,868.3508170306901,0.0,3878.99597179758,3174.818134895869,1056.1962264438796,499.59000000000486,710.084620839375,5601.182623236392,0.027613479115208544,11999.590000000004,0.03360441646045297,0.23119707719032084,543.9280767211185,0.0,253.69657759877367,6084.831526033484,273.8115597605414,3999.5900000000047,438.7245673901381,971.3427318972458
random_1493,random,49504.87632484261,47172.920772870704,2180.1450894651807,4328.503309910686,-3625.5279067978827,0.03999417347324643,8999.590000000004,2.800039180903506,15.074154438943046,231.39910784013742,0.0,2023.4024193513258,8020.799973196848,1852.2947449887154,499.59000000000486,544.1798032112297,5123.144781563394,0.06643344802243574,11999.590000000004,0.020536999990313727,0.090772187196393,976.7188690395442,0.0,1031.2305464436495,2995.0324541923146,20.387769549774923,3999.5900000000047,171.32701378045613,998.5069112566784
random_3099,random,49543.54818527923,47154.495969366566,3040.6377501882876,2665.4012667659736,-4644.900764136343,151.88799386453522,8999.590000000004,737.5357782524381,1316.0599542888472,302.03839270649473,0.0,230.40356971983175,4611.076889953515,878.0872813084131,499.59000000000486,504.12871769334765,3367.647165313959,0.027052206743811032,11999.590000000004,0.02828034778252992,0.11347825978895215,50.80577397105589,0.0,549.228323745117,4656.854727663012,218.67682118159212,3999.5900000000047,362.6550627445824,6107.9329220581585
random_4339,random,49960.87968834939,47136.1076774502,1600.6140845018024,5662.982444187333,-3036.5272589488895,24.736358143632224,8999.590000000004,117.51689367344379,313.9745845066077,1055.5971755834496,0.0,2736.0017734362173,3540.7735021023796,3057.8561902399583,499.59000000000486,1060.745411162866,2092.257215967861,0.03631403403584627,11999.590000000004,0.00030209649906089104,0.024363834309684286,49.78426245845058,0.0,281.445195733561,7799.587064922181,70.6355334319453,3999.5900000000047,239.33306542482708,2022.2144815971526
random_829,random,48261.99869954466,47112.2253127585,1997.1764483064246,4107.3522547606635,-2815.134539705292,3.217960975368796,8999.590000000004,0.8890206336776115,32.231684419545935,111.75452404821704,0.0,943.0621759867373,6427.688418887168,364.82880620430103,499.59000000000486,805.6312397861666,3370.5128314634885,0.031561154460241,11999.590000000004,0.008268745480809107,0.0981325521640072,1231.1404485591397,0.0,3007.123037137535,1378.1385227803012,188.4583343898427,3999.5900000000047,91.930456582922,4806.89327523813
random_2853,random,49768.41953538597,47084.73262054388,1565.0710339355173,4349.809412437402,-3322.761290305694,5.646858360009137,8999.590000000004,2.0443436319273744,43.16491841410959,2.376467466415274,0.0,3410.6814174602605,4624.236831817347,162.69473605866403,499.59000000000486,1392.212672604734,4642.566596926481,0.03173355644236827,11999.590000000004,0.14286082630136196,0.10259475986176331,402.84069584172676,0.0,193.6304777676066,7932.638386341544,1031.3928531459012,3999.5900000000047,146.82051277639056,276.8345776302294
random_2535,random,49898.305973788556,47081.005590259214,1489.570064181432,5623.727291057205,-2816.850822046751,15.274083694249768,8999.590000000004,0.6948361130930392,86.08241073754479,175.65453993777408,0.0,897.4136155909956,5682.280857273701,933.468160703998,499.59000000000486,1770.6584722870757,3464.2067115887867,0.12589219007915092,11999.590000000004,0.02515984383240031,0.09646789500678529,2183.0358210108816,0.0,1383.993651775282,3504.237510489389,1037.1451888543086,3999.5900000000047,447.3210784767256,2818.2315153258123
random_2661,random,49377.12704459051,47020.83915649801,1942.1760341801698,4143.580708098324,-3447.624468942134,180.16275231188024,8999.590000000004,606.2329524736242,499.8876879751473,174.28974422703556,0.0,280.39369720618316,7008.553681798812,995.7963833122299,499.59000000000486,1041.70064059565,4562.172278439881,0.017191139192168917,11999.590000000004,0.02008930994300687,0.06977752755043412,274.71501943440177,0.0,2148.3956442174003,3249.1800079589693,547.8994642825644,3999.5900000000047,172.87314577234378,2136.40688660768
random_1926,random,49791.304225233966,46977.07677654369,1691.2902348430998,4099.436085274314,-4414.348057535132,5.424284333619657,8999.590000000004,11.082978919293192,221.7350071569443,9.439483686485097,0.0,8.982765212333137,5282.599505836442,2608.786447702104,499.59000000000486,156.8366634122689,3816.923385767889,0.02617851162683754,11999.590000000004,0.00451667053074556,0.04199741873620494,1068.213499940399,0.0,1443.794136470263,6220.020217724863,527.6659863376443,3999.5900000000047,527.3582629436537,2384.008907188855
random_1184,random,49361.83690587219,46963.39868419324,2268.827990470991,3963.509070236015,-3591.288884484691,3.387983449597658,8999.590000000004,2.3466509811995016,710.3645237592644,1894.968260324363,0.0,2481.912360516706,1190.9422044551036,221.3931995405355,499.59000000000486,507.5469968655691,8543.490831843215,0.028689158677613655,11999.590000000004,0.015048653224763347,0.05850009776973543,344.29781048856813,0.0,304.35897921779946,6294.431694785301,80.31801352533945,3999.5900000000047,453.65307425358947,829.9620839563426
random_2982,random,49795.928345011744,46954.98466005942,2265.9203718950325,3329.3666017971586,-4684.776711749811,13.286339113207285,8999.590000000004,10.513374026440141,84.5254718850887,1449.9985139358923,0.0,968.9367641016784,4586.6954011633625,156.23138278942176,499.59000000000486,305.0534550474113,9627.314966454474,0.004041079710126364,11999.590000000004,0.004522882271524489,0.021734912930099465,1658.7905508207982,0.0,75.52045180982343,3328.0797353219173,442.919573367577,3999.5900000000047,261.2378335012313,1328.4342327984875
random_4981,random,49722.50407427129,46886.561018209846,2400.689419819793,2971.5462558886516,-4339.617831217267,96.01330252573865,8999.590000000004,46.391409515197935,721.1945829325443,375.6798407231706,0.0,484.95454778248853,4847.595014018147,577.4585932471821,499.59000000000486,1977.1728177991736,3018.112125431689,0.006368756973836878,11999.590000000004,0.04255786760527426,0.02896669367458913,172.60904557106113,0.0,185.04529007421678,5520.96650302913,59.07052435180063,3999.5900000000047,499.20734049493325,5642.595243456538
random_883,random,49057.3549784006,46820.082572983825,2217.3142519653697,3223.089367316372,-4163.231069104541,7.946035568933282,8999.590000000004,35.408197604285824,40.171649786277705,371.4854450146187,0.0,733.1935806100878,3959.773262690869,1008.5193734196719,499.59000000000486,223.04746084591196,6059.861029004485,0.11497500280492533,11999.590000000004,0.06252962702956755,0.20505963724908763,331.53786008687933,0.0,2242.7185844699475,7523.275353312996,81.83660762196365,3999.5900000000047,170.02151350590574,769.816460590669
random_1151,random,48539.60234444593,46702.710886784495,1870.0259063388294,3446.7808092194555,-3881.609880551018,0.2011854785758058,8999.590000000004,6.194536928191745,784.1925859347917,168.22535240245634,0.0,8.87899050931685,7882.348200855393,1709.6739484214027,499.59000000000486,273.639563306918,5593.093378306989,0.07318061029125045,11999.590000000004,0.07758761776592024,0.026090595505554197,165.2775673014865,0.0,2781.7165175893097,2523.0967261284036,151.83406501861305,3999.5900000000047,240.08570648349922,752.6071609569995
random_1345,random,49867.34952659723,46623.64695374944,2148.6759606420414,3504.98167492603,-4970.700564621618,14.152588246673057,8999.590000000004,8.524642878877161,95.63810771720064,989.2014611627334,0.0,728.700529752971,3437.746428889519,2499.4535312369117,499.59000000000486,426.95459107070656,5077.609020316807,0.023659287533353297,11999.590000000004,0.13855754874070622,0.12587135695651883,52.46358729210207,0.0,466.5833022378256,9550.49010713393,165.4620058841589,3999.5900000000047,23.71454542879053,832.0069891547755
random_4342,random,49532.22288838554,46543.59718019211,1609.6892658702661,4315.194567615369,-3607.6759326990887,16.615164276264384,8999.590000000004,75.76446859188236,248.15880512817847,818.2080545932874,0.0,62.92345880365961,5584.445273171887,517.0213792122007,499.59000000000486,120.65191377651999,5132.477913078069,0.012337333382895695,11999.590000000004,0.016278653764952165,0.06170642249585644,1929.5594235662006,0.0,1778.8951093943094,3805.305442140517,197.62936697605184,3999.5900000000047,1399.2790684879412,2346.837724778911
random_269,random,48918.54280150477,46211.382070413696,2020.434230705745,3992.8554509394285,-4192.163852707267,203.85122620066892,8999.590000000004,168.80325259813114,995.2854505826331,2521.674971177635,0.0,843.952040950568,1864.5408694566854,16.33032504543789,499.59000000000486,60.09216302460302,6209.871429396368,0.03555207110751802,11999.590000000004,0.01123595854006639,0.3169085410697814,1775.5063751231264,0.0,197.650546518947,4602.226088625613,541.0374966607342,3999.5900000000047,89.56347131305341,3329.433398259835
random_2830,random,48407.97641374223,46114.444703440415,2122.199192279975,3573.5980452029207,-4096.566023966525,1.2512718348020764,8999.590000000004,4.293763427410342,21.464542616492967,1016.3937631426347,0.0,944.4258275062401,3041.0383556256274,1034.1795710557678,499.59000000000486,143.39105727950349,7867.141066001907,0.008686363833928087,11999.590000000004,0.008644594802255915,0.07718053650661277,1883.2816136314716,0.0,596.5002041051396,2803.3773980359065,128.31138762929857,3999.5900000000047,35.77786081194402,3388.6942195429256
random_3364,random,48652.60601481605,46033.22434773286,1959.18965604173,3942.900787199529,-4291.622898371305,287.10233780590545,8999.590000000004,8.702034515188831,800.0323089203246,1276.0249928505584,0.0,231.98188100260478,5823.009541722543,918.7571011392981,499.59000000000486,156.9088876935417,5282.866118983278,0.022941163558951053,11999.590000000004,0.0251148179616993,0.03956917425771858,738.8793605481395,0.0,1237.4087940996576,4235.02848388689,1291.9391163994574,3999.5900000000047,18.375014417314997,847.1424156755448
random_2391,random,49571.02932130506,45946.42324312523,2075.8023054487926,3769.8321555783136,-4166.779047118758,46.81576518777449,8999.590000000004,10.711493017162546,50.72412083870898,665.1445202862984,0.0,744.8320048620502,4559.813420147484,1132.0252098190342,499.59000000000486,1485.633072560052,1927.1896947870337,0.02395145145343127,11999.590000000004,0.03238655044934867,0.2850704293980262,381.17528346131445,0.0,461.95350440007576,9062.020001662564,259.2839885227349,3999.5900000000047,576.6600278485706,2708.3458054728885
random_1080,random,49530.78729653511,45894.78390562771,1921.6740023216237,3964.5700759241013,-4242.438649212595,19.741706316692273,8999.590000000004,118.00101657370398,1081.9135254126977,18.652741260262506,0.0,70.27989216606449,5455.912908775644,970.3399663627775,499.59000000000486,1541.346513311752,3889.3167542950705,0.024277052070080508,11999.590000000004,0.01997113730168521,0.10642744128900555,2877.592668290756,0.0,262.47447495270296,5171.361588055206,242.32983211382958,3999.5900000000047,159.15133913059478,2153.8616938866826
random_2956,random,49631.465650856975,45816.78575158976,1588.832232220633,5448.890648770373,-3907.9039396559983,73.55019447696152,8999.590000000004,75.29169001924329,162.26484644332453,19.4087605320728,0.0,332.4831289530536,4718.37892914307,38.89472821880534,499.59000000000486,247.44848191020748,7224.446499394246,0.020983334068263606,11999.590000000004,0.0005855003423040493,0.010280506943677893,4584.784218673338,0.0,74.43148882458499,3208.6611006777293,2667.759000386825,3999.5900000000047,512.9212903631227,192.34944349902156
random_258,random,48131.671948879055,45787.011572252006,2565.755656145791,2949.301767357836,-4058.9768188758767,155.78179196987972,8999.590000000004,248.14026413637075,2337.7574858586595,667.01264450921,0.0,1172.4549494039084,5721.612704695792,544.7439494061673,499.59000000000486,402.86513532485037,3679.165877727845,0.013359083330365978,11999.590000000004,0.0013453301292739215,0.2833716853451733,120.4949112555472,0.0,986.9091374168661,5078.8480547322215,143.97928162855234,3999.5900000000047,186.4892661508944,1186.758418563463
random_1133,random,49329.8729615466,45700.10295667831,1676.759308517072,4423.6574837863855,-3644.6247520600846,25.698592513159326,8999.590000000004,68.0504453117037,380.2482575656241,1253.8483690466662,0.0,466.83404811315586,5445.034982098134,402.0258842434386,499.59000000000486,1647.3992021072265,4705.719901338496,0.013628546993629646,11999.590000000004,0.002690526210982424,0.3752982697160417,100.61574629372733,0.0,398.10592658775045,5322.907761925621,1437.35317093103,3999.5900000000047,857.5821434212345,1319.6969127066957
random_1748,random,48041.186658844264,45685.18072781248,1763.2188986774527,3841.017382787775,-3490.3790450904758,3.2272380105851446,8999.590000000004,15.463343311440221,285.27082581172925,2002.9882668732373,0.0,963.4144026218302,2548.337277524947,10.160280164445226,499.59000000000486,7.614728006355122,6623.431728990166,0.05342376814162868,11999.590000000004,0.02248034675028457,0.1682710651278248,113.73532722749862,0.0,1753.2132379381303,5644.174808160598,675.7161920992793,3999.5900000000047,600.5897087395073,1295.2451181844813
random_241,random,48451.2894874847,45683.16618387568,1688.8049446498371,4212.340869886564,-3475.970895449813,11.481510454297581,8999.590000000004,10.07371047790412,195.93711725191642,2243.3426643780895,0.0,1026.4422150398834,3525.6111135570354,186.54333111915543,499.59000000000486,156.74467929991198,5453.568680174565,0.00011687548852599885,11999.590000000004,0.08478672638670078,0.08742132507370476,13.886009430097001,0.0,1262.1130794128433,5540.330260489473,828.4684781360058,3999.5900000000047,880.0642963681402,1618.1500169684077
random_34,random,47843.59871244342,45575.77610632148,2856.2771370240794,2677.994600585763,-4168.699774079749,7.687889493320267,8999.590000000004,0.698430259441469,131.44340925514456,63.18982661566764,0.0,1456.0368694241945,9832.192699087791,50.37466125717997,499.59000000000486,47.456819649185,4426.844388935087,0.05234714746076224,11999.590000000004,0.041706152669915474,0.10758985824724175,828.0858760514991,0.0,1528.600116038825,2903.835213115205,367.70441598413623,3999.5900000000047,55.95166232478067,644.9347917935586
random_4250,random,49497.640784895935,45535.68983146361,1717.060134659064,3985.777001191036,-4204.6640829169055,320.7395417241386,8999.590000000004,124.53405410177565,205.87434991320916,11.99952970667703,0.0,2.8259778407110927,8192.811236600535,1059.4781138654953,499.59000000000486,1711.793856278945,2245.3423693739874,0.014246563789411974,11999.590000000004,0.01900646575573147,0.03280017382561337,1357.0987271157312,0.0,42.694850844657786,4532.903714289743,672.8135508480685,3999.5900000000047,698.0679423500849,2820.2369168387845
random_972,random,48848.46382233646,45533.04351808849,1605.2148546895794,3403.62164530971,-4307.172352382207,54.563501593276925,8999.590000000004,13.553722454571869,31.01808020775505,124.1364234558529,0.0,246.2336023507994,6812.429419392234,1951.3420083562178,499.59000000000486,1296.6270102695253,3872.3768756058175,0.06423930544718368,11999.590000000004,0.01663900489902122,0.06965561493550171,79.6559414499204,0.0,1111.9110467136222,6717.640572873742,135.26022173768604,3999.5900000000047,186.3925741376064,716.8122878125384
random_2570,random,49426.57829855253,45501.40063181312,1515.6061630721633,5569.963566837492,-2587.0225242499146,2.21049840161157,8999.590000000004,8.6263218436355,11.929248934768548,544.8257460194911,0.0,400.4496477196423,7183.426031013925,767.7337677209882,499.59000000000486,2033.2924216938472,3915.921270240501,0.08876613874801895,11999.590000000004,0.2216564680036695,0.08809694722365924,1246.7074780964515,0.0,1140.1713712923074,3615.258756737121,923.9661944793755,3999.5900000000047,1485.6918641803634,647.6091606245038
random_3642,random,48629.323119799694,45430.70135767681,2385.354300950963,2841.5733766771937,-4718.253400433453,55.309250762604556,8999.590000000004,5.819719582699327,1759.7011155621803,1738.9391653782945,0.0,455.890770054336,2814.953751205289,791.778926235241,499.59000000000486,619.8484347430734,6739.3624678815695,0.007689754234280169,11999.590000000004,0.031131798298779018,0.09572643282043337,20.164735569300596,0.0,109.52283852278164,7014.7945128649335,185.9643432034081,3999.5900000000047,387.7646265261729,431.0139137224378
random_4711,random,47535.676406605446,45338.54103250967,2446.45769899346,2482.120910291621,-4441.585802590095,21.93672886303037,8999.590000000004,41.5955236615707,154.63366333295926,1199.5262883315968,0.0,468.11390839606844,4177.780165801549,35.159795984244674,499.59000000000486,133.6564553880376,4357.741309216792,0.13273245910431247,11999.590000000004,0.01649059036990837,0.01691663880492419,1022.9663803279342,0.0,857.624217341252,3676.3065855348623,226.34225879934425,3999.5900000000047,54.781705404779,5608.985280533126
random_1035,random,48817.164215918834,45331.70757065555,1582.8033798652552,3711.090700071997,-4017.6607374296646,1.115559333167752,8999.590000000004,1.2755854843830037,3.0612677711784473,508.7901026556724,0.0,728.4917014969549,3821.858563243298,998.8865962230867,499.59000000000486,21.712095351705997,6632.057599768519,0.035301306754661775,11999.590000000004,0.020469348641042412,0.057772967729520064,498.149892135162,0.0,713.9355192445746,6878.001647755872,764.4163733866163,3999.5900000000047,1443.0039226796932,303.9342457657981
random_4532,random,47803.97421515282,45325.81452332263,1797.3658586589197,3108.479964447071,-3879.6251547285688,53.89667503752533,8999.590000000004,80.61705702149105,192.93948720060706,1070.3357012121426,0.0,1515.4598134507407,3584.284633764043,515.5129764872712,499.59000000000486,457.19128781668223,5391.949893339562,0.010197200083200332,11999.590000000004,0.026925654751366167,0.08530557990084493,221.66652602383945,0.0,475.6726902189295,4949.375443384545,164.44209964421398,3999.5900000000047,324.8611250691097,3307.2863770473678
random_4410,random,48489.694727858354,45294.60079626969,1916.557560914509,3291.783900843933,-4034.965260779235,2.376163805469373,8999.590000000004,12.56193887812276,12.836441352334605,1223.7240344494246,0.0,769.6655465305264,4061.1887590596584,532.477993505675,499.59000000000486,1763.7239124663547,6171.710679683378,0.008591806613339404,11999.590000000004,0.017032454913743833,0.037292719831201596,97.64287197727742,0.0,35.569809986706865,5070.768598365394,384.108506079717,3999.5900000000047,196.50047703470435,2656.4160777022394
random_1199,random,48670.51761363876,45252.46494047249,1925.3127450476406,3749.4741084766656,-4327.122698036535,4.3536696220916955,8999.590000000004,17.15412528288032,15.983557679408353,741.7154188088697,0.0,175.99030110843333,4193.306333963017,1090.1742853680505,499.59000000000486,361.4264628832484,6261.610669508871,0.07072682245490758,11999.590000000004,0.075343555098527,0.09377269917273978,2331.851595285186,0.0,839.9754731079715,5801.410295754316,229.453588878229,3999.5900000000047,253.61613458313053,853.8958587283128
random_4997,random,48336.993255123816,45187.67524218686,2030.3513482639803,3452.346349814238,-4390.7607255157145,146.6751715547554,8999.590000000004,70.85126820337027,365.1046908982528,31.16847862788646,0.0,403.10647683351027,5374.799235749263,2141.826124505032,499.59000000000486,379.6623666046916,4036.7801570932415,0.003403250534918946,11999.590000000004,0.042097089553801266,0.10373858238443942,703.4612007677204,0.0,1013.171381820498,6960.95772018677,273.4994257164168,3999.5900000000047,178.1895438282594,759.2307738116577
random_2197,random,46683.750165432815,45006.84629993071,2415.077124776289,2553.6466275867488,-3625.5762154037648,0.009858344801302304,8999.590000000004,0.033396986020919756,0.31017792670506356,556.2619563608939,0.0,3119.9734714265396,1782.870083950382,48.25058240215841,499.59000000000486,18.311369956723084,4437.242880854049,0.02739821163487697,11999.590000000004,0.1424801284856051,0.11280172534156359,1.4001495619218163,0.0,34.15171127316516,5598.591502601703,191.63591836775936,3999.5900000000047,105.98523381318887,5290.079191541325
random_1657,random,48326.31022305692,44969.59670922733,2728.8504977230314,2273.6811976565923,-4859.952174439173,141.51608018016304,8999.590000000004,199.11395462604207,335.9077194781511,200.50257769648212,0.0,1319.8559240966772,4420.5872436124955,194.3210119646105,499.59000000000486,138.3605963545728,4187.9409368480465,0.0649339992112351,11999.590000000004,0.022743564748845452,0.25282614977078766,803.2890649732126,0.0,341.0109019411617,9529.348379785084,80.23928395778128,3999.5900000000047,199.50277106664072,736.1132727620475
random_726,random,48693.706465125404,44915.59646164721,1929.9272157609514,3266.0735873865606,-4558.022503144958,125.74111897460163,8999.590000000004,98.96750496042247,217.60804233036527,34.45024916160819,0.0,218.25580883377043,5282.647743529351,978.8909873864532,499.59000000000486,1049.812592771547,5370.896871698912,0.010471649931059366,11999.590000000004,0.017571300923541512,0.08839384824042591,1319.7038138940404,0.0,351.94486772838417,7023.373095158644,624.1493084874228,3999.5900000000047,230.8636612927142,267.92436211806194
random_2268,random,48748.9160538265,44856.714221521484,1591.8234234272675,3873.3425519453162,-4699.958472730352,12.759016337637657,8999.590000000004,9.482780275220628,3.4146194415802373,3755.3651124903113,0.0,275.28604315373013,2967.569891209509,772.3850022494676,499.59000000000486,272.48539483899657,5254.989654188941,0.045962812427229896,11999.590000000004,0.14421167700251025,0.08236434675894698,7.037685951812383,0.0,8.508428789621675,8075.823797375063,692.989851120934,3999.5900000000047,219.36413346879448,922.8221040986763
random_864,random,47455.46283111134,44723.24022069371,2061.2707321311063,2801.3831903848777,-3807.7242460488746,5.102376963884114,8999.590000000004,21.20321526841926,976.8002063918797,698.5040869997941,0.0,424.36456311524154,4705.7564804791145,242.65373964394635,499.59000000000486,1861.2484129226696,3832.3864180621754,0.0033070676091254826,11999.590000000004,0.004205057294384958,0.006496014674925943,239.90559926285812,0.0,710.0834607018113,4355.224835729692,72.22859583755594,3999.5900000000047,77.21657976825232,3734.4102518244513
random_954,random,47569.31419772099,44702.182968878406,2116.0001428925157,2893.6995918587636,-4023.1119966313117,1.8870618791384843,8999.590000000004,4.716259530142784,1198.3332860605033,877.5042740082996,0.0,419.0910972702364,6337.578536647165,329.601152676204,499.59000000000486,64.41758168990037,4219.177795510688,0.0019499270655399619,11999.590000000004,0.0009931422288903006,0.3189440454547579,233.005209154821,0.0,1617.1646619912526,5436.845314916411,240.62743099690294,3999.5900000000047,822.2618690369051,268.4207792376496
random_4222,random,47148.83882856523,44593.60655818746,2084.825807051335,3030.1855380055867,-4050.7794933554446,636.9166809699959,8999.590000000004,63.27239069283485,271.2975704023671,1010.9111205703393,0.0,1188.7108776326065,4239.046819155489,73.95316872645267,499.59000000000486,19.726666359538566,5367.960643323889,0.01914530181810408,11999.590000000004,0.03718421867268283,0.03405909005171756,1079.2171878390159,0.0,545.5023096981013,4226.952895561745,85.11039753657786,3999.5900000000047,138.0327939870466,2703.7769174986724
random_1665,random,47081.055180329924,44530.98408186527,1770.4248084723192,2836.1099918092264,-4075.2900837679754,0.8440456893679267,8999.590000000004,0.0779267536461291,4.643175384738242,578.2101268121763,0.0,42.18275330934481,4384.358384912091,66.77345413281407,499.59000000000486,51.21334779759019,6453.721549649209,0.013262890415484207,11999.590000000004,0.07273779429899196,0.12833701445900783,396.0461610848545,0.0,1781.5853796394222,4871.227050135161,1163.1016213942544,3999.5900000000047,419.01007361729,1369.485792318772
random_3855,random,46590.13308556576,44292.51277982596,2283.2773021010476,2540.5489125925887,-3689.103154705745,149.73423719476813,8999.590000000004,78.8047487253219,1151.827806844059,350.83735349846165,0.0,2693.7146970462177,3104.2757275801914,162.96342800506642,499.59000000000486,470.8810953008443,5002.614612724108,0.024430345286520723,11999.590000000004,0.041826963065699156,0.26321808588690543,33.34678829733091,0.0,2.4855346025144276,6031.162249812994,22.283259255482214,3999.5900000000047,29.902265833058422,1806.6098054510871
random_4474,random,47562.39989974683,44199.67948092162,1775.8477734355104,3016.3299987826454,-4181.559408815233,21.008171860922655,8999.590000000004,79.03405934869163,82.28709307752985,944.8776045996822,0.0,230.74117994152962,4133.8033306029065,101.44665045722817,499.59000000000486,91.08884637865775,7070.165606986184,0.0014873272568202618,11999.590000000004,0.0008369488047598044,0.1649716589255434,645.9034380896934,0.0,860.4896301676528,5571.527434789767,860.6370801465856,3999.5900000000047,869.0515134579581,501.8109639068317
random_1672,random,46630.3494732722,44180.87102993725,2507.501588855671,2195.098748606729,-4108.410097732484,25.315138669894946,8999.590000000004,36.35306383476719,858.3711934015528,433.05649576163574,0.0,235.536187727202,4655.401020555524,185.8161810975849,499.59000000000486,563.9645258771877,7668.7621045908545,0.01849749708704906,11999.590000000004,0.06130387264997283,0.2474943615213239,307.7725452376613,0.0,1376.7127899913312,3601.71112170859,203.19431902963166,3999.5900000000047,152.88505067927798,826.8104393782311
random_1647,random,47698.82690131837,44039.737127595596,1866.0111413866198,3214.976184584301,-4208.102117900746,90.47586529231582,8999.590000000004,27.77950844158443,380.04522625765827,1595.743550426748,0.0,603.6169848784915,5556.843353855667,3.0884604801245943,499.59000000000486,74.72813054463367,4695.207912675585,0.02286927096854999,11999.590000000004,0.04455943137367018,0.09436257207642677,1507.6086881545734,0.0,516.3887514951189,5630.599775368062,38.5213310150622,3999.5900000000047,731.9678008780238,747.6897702802844
random_4054,random,47402.069820388686,43991.4744994031,2701.8149360959997,1886.0971014981997,-5110.947404682911,120.8029771451021,8999.590000000004,86.41986260289347,291.18494075544197,943.3481761871834,0.0,384.32045722083615,8981.159346768512,89.99179245619936,499.59000000000486,38.83328326050216,4420.934776434328,0.01221279462553146,11999.590000000004,0.0008352642408540951,0.050909743501054754,871.3476267398762,0.0,333.27565006813313,4234.147415649769,36.05315274091768,3999.5900000000047,146.01738246587158,925.8090220907376
random_1038,random,47810.81950449152,43851.514765983025,1831.3154498953172,2832.6715254549254,-4344.660044822067,28.11141058905145,8999.590000000004,159.9869249680625,203.4453266708418,578.0917730395518,0.0,117.51159433491155,5467.673137722614,778.4082629953385,499.59000000000486,734.799333355284,5995.620630733222,0.05157881258488132,11999.590000000004,0.10709899505928365,0.05553481225364264,743.9279707858154,0.0,336.40739470330897,5946.215184750035,21.418248581726427,3999.5900000000047,850.3920226890709,350.23607595276894
random_1034,random,46944.86301097305,43794.308585265564,2407.4273800838223,2770.3818619222807,-3900.926048569092,133.7120339058031,8999.590000000004,52.86414058281905,489.95956952646526,98.29535956600608,0.0,1542.9074539050118,3881.8356484800743,404.64769214363696,499.59000000000486,1002.478528672691,3566.1702846233675,0.009710676002430408,11999.590000000004,0.0386950341004089,0.01574784917208852,696.8159392453829,0.0,422.64352901859075,7899.474279899648,8.822431387200524,3999.5900000000047,8.793559664733216,1237.0184067923265
random_1939,random,46542.57282545086,43778.671033118255,2437.204673665878,2355.02794535656,-4336.972438976687,19.18497964712208,8999.590000000004,34.971571791265035,1625.5160374671998,617.9428950412398,0.0,58.71409654036508,4437.601691325784,955.4508399515136,499.59000000000486,532.7690508444581,5915.906020666333,0.04169134709554857,11999.590000000004,0.10599296723596728,0.18424904082382687,717.413098414496,0.0,632.0454296334898,3663.810001478172,43.320856735100776,3999.5900000000047,101.98946864497728,1687.2448539141615
random_4164,random,47224.37571309616,43607.63721230587,2128.4267857089058,2475.965958337035,-4399.091426197262,24.359870866484222,8999.590000000004,9.74172205547076,282.9412588726416,184.74867777376258,0.0,494.09347937918164,8002.336773932689,585.8766994532983,499.59000000000486,787.982546963776,3453.762985764858,0.011179882395718894,11999.590000000004,0.026953546819896586,0.028297365341548125,367.4429572313105,0.0,190.41585180420475,4686.040990830252,414.4050767099487,3999.5900000000047,689.4785420320582,1552.3218486316455
random_1398,random,46575.30900076078,43381.75263512942,2081.105012072314,2540.7103626373114,-4400.492893627298,185.67604108033052,8999.590000000004,240.45455209371625,254.09782947558543,1453.847389935047,0.0,315.7739234234623,3404.0592812722243,213.35384679329704,499.59000000000486,61.597923600187585,4404.245933094487,0.0003858432645611843,11999.590000000004,0.00047340155511774515,0.002385985491543329,651.0141866777531,0.0,329.3999984768907,5711.456980890095,326.78232145563,3999.5900000000047,217.67913540365507,3307.5064118580913
random_3829,random,45824.922499948065,43248.37177484101,2681.5438954393826,1962.8289062304136,-4113.515948693173,252.71895992321646,8999.590000000004,45.03288178321238,2022.2988544434834,229.13374897081556,0.0,1587.2201790253603,4663.6487477679,298.986869583314,499.59000000000486,278.21149126686174,4799.351795828861,0.00325441864613045,11999.590000000004,0.018861742159169255,0.35304065677956636,89.58744336669973,0.0,123.110364856666,4927.917555099564,9.456137496637215,3999.5900000000047,142.58854834772845,856.9237653701448
random_4037,random,46350.010814589186,43210.071629536236,2037.7304586935054,2415.152695314383,-4130.311826814838,152.6021821078242,8999.590000000004,125.64828977075115,285.38185144111185,1556.0103580926186,0.0,542.6661564795221,2986.180115379428,13.968665347079655,499.59000000000486,44.50898380087292,7129.444125023983,0.0194577747842442,11999.590000000004,0.003303207241786579,0.3598966418601582,189.1550387012733,0.0,473.61331112356515,5057.023777796995,77.54637977831256,3999.5900000000047,621.6603611389551,1595.8585609829988
random_468,random,46547.144368465684,42900.00960437735,1936.5629732234938,2164.6067094288564,-4702.008243795935,18.808435708423225,8999.590000000004,7.610752591980905,299.48950820242317,1451.6524130419882,0.0,438.43361989213906,4771.319285616058,519.1346266480199,499.59000000000486,366.36462501708644,4530.832596999265,0.10306194780850231,11999.590000000004,0.040698234837426725,0.171252473562708,188.59813348209084,0.0,106.96113104550722,6960.439480031082,68.07837001976935,3999.5900000000047,217.715281312607,1103.0310962010255
random_1633,random,46086.333074094764,42794.334762831924,2215.0599389335503,2084.2167365361756,-4198.673106574453,5.726512223150974,8999.590000000004,2.252130170676223,96.33145532018575,7.8190846593361325,0.0,427.90445386042074,4676.624631770482,497.2469504615116,499.59000000000486,1142.7434039223065,6444.969862503766,0.0272768741854106,11999.590000000004,0.011749210515659815,0.26701316172384576,73.33583235507678,0.0,542.0571098700894,5664.7978672578,388.899661272262,3999.5900000000047,91.34567060303952,525.6124085982227
random_4881,random,45641.51252387836,42626.23790144722,2112.508276387096,2091.5501924689265,-4150.5808061012585,61.50273244532596,8999.590000000004,92.87482186285408,264.0720891531374,95.41390327579687,0.0,468.63364606549146,4942.160622398384,305.5226364621749,499.59000000000486,130.2621685787382,4424.870174400381,0.03392419590986309,11999.590000000004,0.07060322740859447,0.0896680780350759,254.11803197498145,0.0,1194.0443188435554,6292.294901319253,470.39663260519484,3999.5900000000047,235.80266808434448,910.9889809073792
random_183,random,45582.24257563925,42500.6276882683,1967.1421179293257,2125.8594882500943,-4356.416559457897,28.07263359824439,8999.590000000004,7.2314901592097955,47.37549863017029,9.463659341665272,0.0,234.1295859902336,7366.797491906785,1578.2643632144561,499.59000000000486,412.63019164940914,2982.327062474465,0.14759600499754433,11999.590000000004,0.07661935053954243,0.07306662574687219,242.10811917037654,0.0,782.1123994865892,4204.285075212549,0.2373775410760834,3999.5900000000047,1.7363666491555139,2186.8139786335587
random_478,random,45176.7574860928,42301.128635083434,2150.7240365290168,2055.913474703828,-3964.8524031922243,115.70567335670579,8999.590000000004,70.3315284818469,325.77344311988844,879.2658979978203,0.0,922.650322656726,3251.4187083482166,30.80966488648266,499.59000000000486,35.12805731445842,5780.09170055521,0.0033419437135753737,11999.590000000004,0.01971724064760391,0.07756747517474002,180.68496708671154,0.0,311.97648110850514,4512.417076927133,226.94828041594153,3999.5900000000047,450.4507986706071,2584.6442585069967
random_4090,random,45697.668811502364,42201.80125359031,2323.283558522437,1255.313142207395,-4795.360677944946,52.77876259144829,8999.590000000004,206.2606961896615,93.77700829627419,212.01736180056673,0.0,660.276358036735,4452.433718827619,84.25447114027062,499.59000000000486,103.32944299105326,4866.20413699613,0.15024407730743222,11999.590000000004,0.031089901461010032,0.054486319656654326,203.02094380597129,0.0,333.69295701522844,7929.738893121477,7.939185010724614,3999.5900000000047,119.18947355618027,874.1595818245842
random_632,random,45217.93129708522,41809.09816832241,2004.6017358377137,1797.7682185920344,-4498.319000439321,18.78886223931227,8999.590000000004,12.79001417507976,55.41482744686136,188.49578024494804,0.0,292.5604874594525,4529.165442871463,537.6788064879121,499.59000000000486,360.3733753273605,4852.328510425407,0.023004939064633228,11999.590000000004,0.07288450831848148,0.17937989956703898,19.95413248038489,0.0,39.769584112899445,5565.292105498071,885.6434187948511,3999.5900000000047,302.0515934472843,2058.989086726959
random_3438,random,44230.18339220359,41659.59212978676,2295.6849904180895,1639.911608158466,-3796.66463120353,63.325568984403624,8999.590000000004,18.291670976208753,160.95075653460725,13.439651148553548,0.0,202.89850815041083,4806.006649898018,19.08520961525608,499.59000000000486,157.85428002375326,4528.384781734259,0.0015331475491915324,11999.590000000004,0.029347713744362475,0.0023741498753220742,162.16164028631417,0.0,2094.438081315916,5503.765694247434,14.619714166432582,3999.5900000000047,10.875654499050961,975.6922756117801
random_3648,random,44309.90633893429,41416.34411789938,2130.6447869869594,1469.357411159932,-4179.005100216968,44.03870391383068,8999.590000000004,42.31984782402617,76.08181657734448,176.13984632454577,0.0,182.11131135701464,4917.46245654574,179.30377070026418,499.59000000000486,62.03539556516939,5302.020660350337,0.03602422273006204,11999.590000000004,0.07035098488254556,0.17639708281863192,555.6998551889772,0.0,1203.4719361288273,4631.824390372154,0.7670687333177884,3999.5900000000047,0.01906192289422876,1437.9674451393946
random_3465,random,44783.989218761984,41204.572590963784,2138.674115534264,1769.8393888624578,-4451.167071672972,44.43955425815863,8999.590000000004,265.1019674103324,35.290019430496116,873.7878314358692,0.0,81.96416661256806,4329.738797650597,173.7831969500454,499.59000000000486,112.1201205023075,5045.908499178487,0.00046193451198224344,11999.590000000004,0.0020798442638323665,0.004669979015268463,202.75644092923642,0.0,248.48965460279155,5592.411333067195,630.6033353514985,3999.5900000000047,81.20277980206129,1568.0243098225308
random_4035,random,44420.95931810842,41051.10163125142,2113.6421946291434,1598.9812313340997,-4111.273599577935,56.737089039645134,8999.590000000004,19.71118269303326,72.03439100414545,276.74332038444174,0.0,630.0721545591334,4264.7418345951755,319.67620659951024,499.59000000000486,546.9255023327528,3881.584419375404,0.032183597008633755,11999.590000000004,0.15329744676052587,0.06487947630719627,65.01676349869506,0.0,195.72398870103663,5818.521446789481,61.869543087331905,3999.5900000000047,282.4867535664273,2430.504361362119
random_4848,random,44122.70505079563,41020.49888571205,2119.230709762433,1677.4415125103685,-4254.79916368115,0.05117508126440308,8999.590000000004,0.15417106262389632,65.75592614062757,1405.059348946354,0.0,606.6823314210571,3386.4866109826075,27.374573561036083,499.59000000000486,14.899416066400287,4483.464085706263,0.006071827691523947,11999.590000000004,0.010551525394222884,0.10258391489659999,45.34658464920735,0.0,134.71538040925248,5112.066025834778,419.48512994770726,3999.5900000000047,4.541445142298326,2918.1436385761485
random_763,random,44145.99553752248,40983.337920971186,2466.66539667078,990.9282098169866,-4676.590090553177,0.6672858599327404,8999.590000000004,7.514713419090316,1107.6545012781655,1.0172586832430308,0.0,7.395327966769332,4996.606473404088,857.8251239026216,499.59000000000486,202.04504394706,5260.9915853362645,0.006798222862921806,11999.590000000004,0.03785162163157695,0.26688545147581716,168.89771569337373,0.0,275.4120120142802,4582.747437750066,1.0917637626712076,3999.5900000000047,0.8727841318340581,1176.5849750770326
random_3457,random,44267.899379465176,40918.5864108105,2293.453947846551,1393.2375062883248,-4478.186674509416,75.38172919846816,8999.590000000004,89.6967164085487,471.8041026768906,1152.19237359467,0.0,160.45167761764122,4960.045545597117,48.99292192050509,499.59000000000486,60.959601763074524,4845.688364060776,0.007446685640722136,11999.590000000004,0.04177060260057707,0.21653778922253744,369.2813197091705,0.0,242.45092067899884,4421.010978198214,0.9610211716938428,3999.5900000000047,43.22599123521905,1827.1303605567127
random_873,random,45021.524176989056,40915.974168478766,2270.865247767919,1470.710557596794,-4562.866562657979,31.44457308714243,8999.590000000004,57.91664728766257,140.76317842154666,5.925811250389275,0.0,44.52585258696069,5276.300820073245,479.4716238533892,499.59000000000486,1219.714450407506,2987.124525271325,0.013268265145857036,11999.590000000004,0.05427268941188624,0.05818901465379063,220.97390649698303,0.0,51.34790290796085,7821.60589362777,62.50429837029345,3999.5900000000047,25.559395131058086,1097.8595682465923
random_4397,random,44262.938637020576,40894.373990250046,2130.0107990088313,859.7012365365878,-4639.106296015412,15.94636908653785,8999.590000000004,43.57647135430814,85.62846924473733,128.85772320754793,0.0,346.0261155231931,5307.064548531349,182.49885078076088,499.59000000000486,182.6789553596572,6071.406126111605,3.1462659614123865e-05,11999.590000000004,0.0058736133951135285,0.00806127170737938,84.19369555347886,0.0,154.39603641883326,4777.595077446512,3.5857210218569384,3999.5900000000047,190.2846400172448,1190.8258710151736
random_4471,random,44663.19387072907,40886.6203709251,2180.9235771722297,1668.7946364421657,-4674.097043610466,6.705773530805161,8999.590000000004,5.485318884555208,418.8744187991392,69.56635408628556,0.0,7.071580842476414,5798.956727504234,1515.414811317734,499.59000000000486,150.98790381264124,2965.093443515478,0.018326554058650284,11999.590000000004,0.13555220057324238,0.10263179057305384,299.29895089088,0.0,272.40315878300885,6646.650756618423,92.15779631914425,3999.5900000000047,118.75711070821326,797.1532545708272
random_754,random,44317.609566392275,40614.42507744811,2098.276861830746,1709.4150392230472,-4364.9223322207945,7.771709766912378,8999.590000000004,14.123403044620607,46.17234286460936,1608.7437409701615,0.0,582.9867018725091,3750.87285226188,39.85660145123867,499.59000000000486,72.30046619123593,4580.6205851398045,0.0029049781922033855,11999.590000000004,0.0035045301104626556,0.11324243854404983,228.92554098336979,0.0,88.9284187469464,6730.0560147373835,33.164425292488495,3999.5900000000047,72.76497667800494,961.842134444241
random_3008,random,41913.74981841272,38233.35834389012,2346.5230430535926,797.365152356335,-4187.67288307934,3.677388727079744,8999.590000000004,6.691037506382904,1.017216336164077,35.40607307619089,0.0,222.5573670439699,4888.835818879101,413.18173598536237,499.59000000000486,77.21279586316837,4081.130985652718,0.027923439279350554,11999.590000000004,0.08096484518002356,0.14453777759293865,205.827766906185,0.0,238.3667066341247,5207.705000723513,17.556284513003295,3999.5900000000047,37.83877751768713,978.1314369860012
random_4699,random,41819.78778546458,37981.1267028264,2406.820530857409,643.5756369794155,-4184.782574433734,6.242419492315484,8999.590000000004,30.15840168333087,124.68869106051532,12.121396463145867,0.0,14.152031150819601,4998.956958139896,230.51189892023413,499.59000000000486,384.68126241315383,4372.589359599408,0.01337006486580049,11999.590000000004,0.010074914136909925,0.09789717857852859,59.88005448087513,0.0,119.66350524228487,4966.158386689192,8.306869366318951,3999.5900000000047,103.96830089444234,889.2269077110393
random_2006,random,41682.77899240981,37966.3917208029,2369.29418792733,778.9057534415903,-4096.75605292429,0.06861931189416837,8999.590000000004,1.0970872235202698,1.782330250639779,424.5301432080618,0.0,312.46139859744005,4580.364894272963,26.45040061359072,499.59000000000486,122.3704409048729,4351.597851689191,0.0018673877863321304,11999.590000000004,0.0029847716871790222,0.009338973056447698,34.43262817548074,0.0,59.2523211960324,4906.325040149935,137.1188147681055,3999.5900000000047,99.44184418083528,1127.1109867347004
random_1954,random,41745.98806087115,37880.4456111174,2362.8862768324148,705.0064943922868,-4367.303178825309,0.00458246226081186,8999.590000000004,0.004257536128415882,4.570588061036254,0.004083477445720804,0.0,0.02042662961609632,5500.012285295536,910.5304668123941,499.59000000000486,118.63046914675773,3707.5207108017535,0.00984279467418872,11999.590000000004,0.006992620697974589,0.21192064615376477,2.103527209912332,0.0,1.4921359834817733,4999.032697501736,0.0939111156114831,3999.5900000000047,4.273061168225826,999.1061016077059
